{
  "_generated": "Generated by SweetTooth, do not edit", 
  "description": "Dexi Menu is based on Gno-Menu, with many bug fixes and UI improvements. These two share the same features, you can use this menu and replace Gno-Menu if you like. Gno-Menu is a traditional styled full featured Gnome-Shell apps menu, that aims to offer all the essentials in a simple uncluttered intuitive interface.", 
  "gettext-domain": "deximenu", 
  "name": "Dexi Menu", 
  "shell-version": [
    "3.4", 
    "3.6", 
    "3.8"
  ], 
  "url": "https://github.com/wanderseeme/deximenu", 
  "uuid": "deximenu@wanderseeme.gmail.com", 
  "version": 1
}
